family,alpha,k,n,MLE,Lmoments,Quantile,MAD_unblended,MAD_Q,pct_no_MAD_solution,mean_blend_weight
ParetoI,1.2,,100,6.573,14.872,10.056,18.484,8.915,25.0,0.805
ParetoI,1.2,,250,4.371,12.246,6.267,17.58,5.479,16.6,0.809
ParetoI,1.2,,500,2.985,10.123,4.455,14.741,4.403,5.4,0.807
ParetoI,1.2,,1000,2.011,8.987,3.303,13.3,3.29,2.2,0.816
ParetoI,1.2,,2000,1.482,6.908,2.182,10.221,2.114,0.2,0.814
ParetoI,1.5,,100,7.337,12.362,10.732,25.116,9.652,36.6,0.885
ParetoI,1.5,,250,3.934,8.886,6.672,20.726,5.83,27.4,0.889
ParetoI,1.5,,500,3.052,7.089,4.437,17.926,4.169,22.8,0.899
ParetoI,1.5,,1000,1.987,5.91,3.046,13.252,2.986,8.4,0.885
ParetoI,1.5,,2000,1.446,3.996,2.234,9.96,2.154,3.2,0.893
ParetoI,2.5,,100,6.998,9.688,9.897,40.703,9.595,46.0,0.957
ParetoI,2.5,,250,4.384,6.052,6.447,40.703,5.962,44.4,0.963
ParetoI,2.5,,500,2.98,4.085,4.678,40.703,4.397,48.0,0.974
ParetoI,2.5,,1000,2.35,3.308,3.4,40.703,3.246,47.6,0.976
ParetoI,2.5,,2000,1.535,2.493,2.121,34.356,2.086,41.6,0.977
ParetoI,4.0,,100,6.588,8.172,10.391,53.016,10.41,45.8,0.937
ParetoI,4.0,,250,4.377,5.207,6.29,34.64,6.325,48.2,0.964
ParetoI,4.0,,500,3.174,4.053,4.496,12.061,4.416,49.8,0.974
ParetoI,4.0,,1000,2.181,2.84,3.077,12.061,3.05,51.0,0.985
ParetoI,4.0,,2000,1.453,2.001,2.146,25.502,2.123,47.4,0.99
Lomax,1.2,,100,14.727,22.454,15.833,19.521,18.752,27.4,0.636
Lomax,1.2,,250,9.701,16.42,15.833,19.24,10.717,15.4,0.636
Lomax,1.2,,500,6.644,13.308,13.542,15.136,8.187,7.8,0.634
Lomax,1.2,,1000,4.905,10.588,9.718,12.237,6.731,1.8,0.632
Lomax,1.2,,2000,3.129,10.236,7.219,11.462,5.522,0.0,0.642
Lomax,1.5,,100,17.506,17.482,32.667,24.393,24.23,32.6,0.694
Lomax,1.5,,250,11.139,12.724,26.757,19.574,18.426,26.8,0.731
Lomax,1.5,,500,7.646,10.261,17.436,15.866,12.071,21.2,0.739
Lomax,1.5,,1000,5.084,7.756,11.427,13.332,8.596,11.6,0.736
Lomax,1.5,,2000,4.365,7.08,7.988,10.726,6.181,2.8,0.721
Lomax,2.5,,100,22.455,20.413,52.377,40.703,36.858,44.8,0.716
Lomax,2.5,,250,14.672,14.598,36.972,40.703,26.916,42.6,0.765
Lomax,2.5,,500,11.267,11.917,25.129,40.703,19.205,47.8,0.791
Lomax,2.5,,1000,8.088,8.164,18.042,39.109,16.053,40.8,0.831
Lomax,2.5,,2000,5.093,5.602,12.476,38.333,10.857,48.0,0.865
Lomax,4.0,,100,34.974,30.961,64.6,14.773,50.314,49.6,0.753
Lomax,4.0,,250,22.985,21.121,45.993,37.361,39.292,48.2,0.781
Lomax,4.0,,500,15.436,14.724,37.672,14.592,30.267,48.8,0.79
Lomax,4.0,,1000,10.92,10.835,27.672,30.308,23.69,48.0,0.815
Lomax,4.0,,2000,7.436,7.388,19.717,32.082,18.706,45.8,0.837
LogLogistic,1.2,,100,6.04,14.938,8.485,24.55,7.565,47.0,0.709
LogLogistic,1.2,,250,3.339,11.389,4.82,21.112,4.659,43.6,0.755
LogLogistic,1.2,,500,2.462,9.058,3.334,15.757,3.499,31.8,0.743
LogLogistic,1.2,,1000,1.857,8.21,2.761,12.84,2.803,25.6,0.777
LogLogistic,1.2,,2000,1.2,6.916,1.715,11.308,2.042,13.8,0.787
LogLogistic,1.5,,100,5.759,10.354,7.764,16.181,7.346,53.6,0.745
LogLogistic,1.5,,250,3.696,7.622,5.007,16.181,4.655,49.2,0.784
LogLogistic,1.5,,500,2.652,6.248,3.769,16.181,3.516,49.2,0.826
LogLogistic,1.5,,1000,1.795,4.741,2.671,16.181,2.26,54.4,0.857
LogLogistic,1.5,,2000,1.223,3.842,1.829,16.181,1.723,50.2,0.886
LogLogistic,2.5,,100,5.923,7.541,7.956,30.291,8.447,40.4,0.917
LogLogistic,2.5,,250,3.323,4.765,4.677,30.291,4.803,34.6,0.927
LogLogistic,2.5,,500,2.379,3.683,3.706,30.291,3.769,31.0,0.925
LogLogistic,2.5,,1000,1.986,2.686,2.727,21.958,2.799,22.8,0.934
LogLogistic,2.5,,2000,1.301,1.983,1.8,15.801,1.91,14.0,0.931
LogLogistic,4.0,,100,5.364,6.23,8.981,56.432,8.534,39.6,0.939
LogLogistic,4.0,,250,3.871,4.42,5.69,42.133,5.879,16.0,0.949
LogLogistic,4.0,,500,2.592,2.808,3.554,29.191,3.44,6.0,0.946
LogLogistic,4.0,,1000,1.691,2.023,2.372,21.423,2.324,1.0,0.943
LogLogistic,4.0,,2000,1.234,1.491,1.792,17.038,1.736,0.0,0.952
Frechet,1.2,,100,4.937,15.097,8.649,21.695,7.791,42.0,0.797
Frechet,1.2,,250,3.364,10.886,5.636,14.807,4.955,29.4,0.769
Frechet,1.2,,500,2.39,9.344,4.095,15.525,3.841,26.0,0.797
Frechet,1.2,,1000,1.687,7.896,2.79,13.239,2.996,14.4,0.801
Frechet,1.2,,2000,1.209,7.204,1.869,11.377,2.027,5.0,0.807
Frechet,1.5,,100,5.383,10.424,9.06,26.944,7.707,43.0,0.843
Frechet,1.5,,250,3.438,7.528,5.892,24.286,5.109,46.4,0.871
Frechet,1.5,,500,2.366,6.683,4.17,18.101,3.861,38.0,0.885
Frechet,1.5,,1000,1.751,4.922,2.416,16.092,2.5,38.2,0.899
Frechet,1.5,,2000,1.162,4.236,1.884,12.36,1.73,30.4,0.907
Frechet,2.5,,100,4.803,8.279,9.106,19.565,8.697,47.8,0.926
Frechet,2.5,,250,3.408,5.641,5.878,17.897,5.768,45.0,0.941
Frechet,2.5,,500,2.411,4.168,3.691,17.897,3.644,47.2,0.955
Frechet,2.5,,1000,1.638,3.075,2.61,17.897,2.7,50.2,0.968
Frechet,2.5,,2000,1.245,2.166,1.834,17.897,1.848,45.2,0.968
Frechet,4.0,,100,5.472,7.225,8.198,48.686,8.164,41.6,0.966
Frechet,4.0,,250,3.057,4.518,5.28,48.686,5.111,32.8,0.974
Frechet,4.0,,500,2.626,3.41,3.806,48.686,3.897,29.2,0.973
Frechet,4.0,,1000,1.567,2.386,2.617,48.686,2.54,23.6,0.976
Frechet,4.0,,2000,1.191,1.75,1.766,30.534,1.837,13.8,0.977
Weibull,1.2,,100,5.337,5.613,8.248,32.484,7.524,10.6,0.843
Weibull,1.2,,250,3.26,3.677,5.661,19.495,5.566,2.4,0.843
Weibull,1.2,,500,2.568,2.634,3.745,12.794,3.657,0.0,0.839
Weibull,1.2,,1000,1.677,1.787,2.569,9.425,2.596,0.0,0.84
Weibull,1.2,,2000,1.235,1.265,1.96,7.071,1.918,0.0,0.847
Weibull,1.5,,100,5.262,5.453,8.308,34.426,7.94,3.2,0.869
Weibull,1.5,,250,3.364,3.376,5.438,20.35,5.161,0.6,0.866
Weibull,1.5,,500,2.425,2.536,3.594,13.438,3.594,0.0,0.866
Weibull,1.5,,1000,1.518,1.585,2.649,11.382,2.508,0.0,0.874
Weibull,1.5,,2000,1.234,1.254,1.981,8.628,1.841,0.0,0.881
Weibull,2.5,,100,5.899,6.086,8.613,42.611,8.44,9.0,0.927
Weibull,2.5,,250,3.349,3.661,6.129,30.734,5.625,3.2,0.931
Weibull,2.5,,500,2.481,2.629,3.988,25.543,3.658,0.6,0.937
Weibull,2.5,,1000,1.676,1.733,2.82,17.709,2.538,0.0,0.939
Weibull,2.5,,2000,1.099,1.15,1.819,12.084,1.801,0.0,0.934
Weibull,4.0,,100,5.682,6.161,8.238,61.162,8.072,23.4,0.962
Weibull,4.0,,250,3.268,3.402,5.23,43.358,5.278,11.0,0.966
Weibull,4.0,,500,2.243,2.351,3.708,33.671,3.549,6.2,0.967
Weibull,4.0,,1000,1.531,1.668,2.384,26.822,2.463,0.8,0.969
Weibull,4.0,,2000,1.199,1.237,1.998,17.89,1.921,0.0,0.968
ParetoIV(alpha),3.0,1.5,100,47.862,64.201,61.897,84.379,148.95,,
ParetoIV(k),3.0,1.5,100,9.493,10.951,12.332,17.296,10.929,,
ParetoIV(alpha),3.0,1.5,250,27.88,36.449,59.4,59.54,78.444,,
ParetoIV(k),3.0,1.5,250,6.119,7.936,10.168,15.55,8.635,,
ParetoIV(alpha),3.0,1.5,500,19.005,24.673,55.29,44.819,44.541,,
ParetoIV(k),3.0,1.5,500,4.174,5.722,8.815,12.05,6.554,,
ParetoIV(alpha),3.0,1.5,1000,15.674,21.172,54.209,30.25,37.894,,
ParetoIV(k),3.0,1.5,1000,3.138,4.031,8.309,9.956,5.154,,
ParetoIV(alpha),3.0,1.5,2000,10.443,15.87,39.001,21.023,19.748,,
ParetoIV(k),3.0,1.5,2000,2.002,3.264,5.84,6.458,3.328,,
ParetoIV(alpha),2.0,0.5,100,32.486,30.918,79.384,98.772,117.03,,
ParetoIV(k),2.0,0.5,100,9.037,8.362,18.092,59.398,16.917,,
ParetoIV(alpha),2.0,0.5,250,22.957,21.872,65.569,76.103,82.111,,
ParetoIV(k),2.0,0.5,250,5.739,5.915,15.324,49.12,13.69,,
ParetoIV(alpha),2.0,0.5,500,14.447,14.739,51.804,63.982,54.157,,
ParetoIV(k),2.0,0.5,500,4.056,4.228,12.113,37.513,11.729,,
ParetoIV(alpha),2.0,0.5,1000,10.723,10.777,42.901,48.806,42.261,,
ParetoIV(k),2.0,0.5,1000,2.628,2.882,9.02,27.431,8.435,,
ParetoIV(alpha),2.0,0.5,2000,8.234,8.025,34.722,35.432,31.504,,
ParetoIV(k),2.0,0.5,2000,2.121,2.257,6.347,22.828,5.832,,
